step,train_loss,train_accuracy,valid_loss,valid_mean_token_accuracy
1,3.21616,0.55894,3.62909,0.40947
2,3.45296,0.52096,,
3,3.28208,0.50429,,
4,2.67968,0.5825,,
5,3.7759,0.45788,,
6,2.86278,0.58621,,
7,3.09646,0.53534,,
8,2.95619,0.52013,,
9,3.32775,0.50373,,
10,3.01159,0.59004,,
11,3.27802,0.52579,,
12,3.24675,0.51422,,
13,3.28009,0.50505,,
14,2.81824,0.54563,,
15,2.58587,0.576,,
16,2.80331,0.54366,,
17,2.8651,0.51483,,
18,2.59543,0.56881,,
19,2.55336,0.56972,,
20,2.63155,0.5951,,
21,2.40907,0.59109,,
22,2.76682,0.56582,,
23,2.61116,0.58124,,
24,2.47673,0.607,,
25,2.81974,0.53027,,
26,2.53894,0.58475,,
27,2.31568,0.59924,,
28,2.58399,0.5764,,
29,2.15962,0.58416,,
30,2.26466,0.60345,,
31,1.98479,0.639,,
32,2.00206,0.63279,,
33,1.71887,0.65795,,
34,2.255,0.57956,,
35,2.22854,0.60512,,
36,2.17614,0.57862,,
37,1.87,0.62222,,
38,2.45867,0.58808,,
39,2.43725,0.54276,,
40,2.37439,0.58155,,
41,2.07168,0.57143,,
42,2.12125,0.59467,,
43,1.95933,0.63391,,
44,2.11543,0.57771,,
45,2.12417,0.59571,,
46,1.84037,0.61863,,
47,2.42874,0.53976,,
48,1.75181,0.61939,,
49,2.15962,0.57647,,
50,2.05207,0.56178,,
51,2.25285,0.56634,,
52,2.36162,0.5749,,
53,1.99141,0.60789,,
54,2.13491,0.56863,,
55,2.02561,0.62624,,
56,2.19785,0.55647,,
57,2.25949,0.55435,,
58,2.09331,0.60309,,
59,2.14869,0.56838,,
60,2.0742,0.57885,,
61,1.96124,0.60714,,
62,2.01727,0.60445,,
63,2.03001,0.54654,,
64,2.176,0.57079,,
65,1.93245,0.60044,,
66,2.17311,0.57073,,
67,1.99268,0.60374,,
68,2.15683,0.57684,,
69,2.10263,0.57885,,
70,2.02538,0.60679,,
71,2.02418,0.57992,,
72,1.92901,0.58661,,
73,2.19657,0.59914,,
74,1.9844,0.60947,,
75,1.67756,0.61881,,
76,1.85531,0.6472,,
77,1.93481,0.58606,,
78,1.88863,0.63022,,
79,2.1828,0.54867,,
80,1.42336,0.70654,,
81,2.14366,0.5802,,
82,1.88785,0.60069,,
83,1.80296,0.61297,,
84,2.14329,0.583,,
85,2.44243,0.5565,,
86,2.04031,0.59363,,
87,2.09479,0.56893,,
88,1.94949,0.61612,,
89,2.07356,0.56968,,
90,2.17348,0.56926,,
91,1.85465,0.63248,,
92,2.12901,0.58855,,
93,2.16998,0.57773,,
94,2.20386,0.58213,,
95,2.11749,0.58065,,
96,2.23127,0.53275,,
97,1.79731,0.62857,,
98,1.99282,0.61569,,
99,1.91089,0.62405,,
100,1.82583,0.62156,,
101,1.77122,0.62232,2.00208,0.46407
102,1.92412,0.62201,,
103,1.84911,0.59423,,
104,1.87336,0.58435,,
105,1.78101,0.61705,,
106,2.01357,0.60087,,
107,1.7667,0.64098,,
108,1.8795,0.60814,,
109,1.67044,0.65358,,
110,2.11862,0.58757,,
111,1.87617,0.62009,,
112,1.55792,0.67181,,
113,2.08914,0.57089,,
114,1.99428,0.58803,,
115,2.13688,0.57593,,
116,2.17218,0.57631,,
117,2.07566,0.56136,,
118,1.71169,0.65267,,
119,2.00286,0.58824,,
120,2.01554,0.60039,,
121,1.7244,0.6,,
122,2.04362,0.59589,,
123,2.01975,0.60558,,
124,1.54461,0.67078,,
125,1.85844,0.63566,,
126,1.9724,0.60235,,
127,1.80225,0.60473,,
128,1.72017,0.63014,,
129,2.23588,0.59375,,
130,2.10796,0.57494,,
131,1.64253,0.65385,,
132,1.71919,0.63485,,
133,1.72756,0.62368,,
134,1.67785,0.62594,,
135,1.93423,0.60915,,
136,1.94126,0.58734,,
137,1.65852,0.62055,,
138,2.13718,0.54833,,
139,1.98495,0.58974,,
140,1.9352,0.5969,,
141,1.88726,0.5875,,
142,1.88227,0.62742,,
143,1.87252,0.57724,,
144,2.17201,0.61053,,
145,1.90758,0.60251,,
146,1.72025,0.63208,,
147,1.92681,0.63071,,
148,1.67714,0.629,,
149,1.75639,0.64417,,
150,1.62038,0.66288,,
151,1.54333,0.69832,,
152,1.95226,0.58462,,
153,1.65934,0.66939,,
154,1.55801,0.66296,,
155,1.96099,0.60694,,
156,1.69242,0.63,,
157,2.29616,0.58186,,
158,1.73041,0.625,,
159,1.81431,0.62846,,
160,2.32315,0.52305,,
161,1.81077,0.5881,,
162,2.04763,0.61031,,
163,1.9058,0.61207,,
164,1.59219,0.64989,,
165,2.10972,0.57041,,
166,1.88664,0.60941,,
167,1.75847,0.64338,,
168,2.03546,0.63527,,
169,2.10525,0.59216,,
170,1.83428,0.60797,,
171,1.54382,0.63085,,
172,1.86483,0.61111,,
173,1.72456,0.61649,,
174,1.69528,0.64381,,
175,1.78604,0.60752,,
176,1.60869,0.62272,,
177,1.35606,0.69937,,
178,1.72105,0.62617,,
179,1.97952,0.58984,,
180,1.75083,0.63401,,
181,1.95284,0.63443,,
182,1.70251,0.67426,,
183,2.06133,0.61612,,
184,1.90413,0.56994,,
185,1.68849,0.64313,,
186,2.11874,0.55422,,
187,2.00955,0.55809,,
188,1.81657,0.62716,,
189,1.51638,0.68094,,
190,1.8291,0.61818,,
191,1.60394,0.64353,,
192,1.54411,0.68381,,
193,1.84346,0.62279,,
194,1.58789,0.6403,,
195,1.36818,0.71218,,
196,1.81002,0.64078,,
197,1.67397,0.65764,,
198,1.94606,0.5928,,
199,1.74375,0.63804,,
200,1.55572,0.65404,,
201,1.43625,0.70519,1.71732,0.51683
202,1.95252,0.60966,,
203,1.62245,0.66162,,
204,1.85623,0.62233,,
205,1.26921,0.71429,,
206,1.53306,0.67069,,
207,1.31292,0.68258,,
208,1.55877,0.66372,,
209,1.77511,0.63692,,
210,1.44819,0.65774,,
211,1.63482,0.65451,,
212,1.70809,0.63476,,
213,1.71978,0.62222,,
214,1.64509,0.64459,,
215,1.65339,0.65039,,
216,1.74377,0.63492,,
217,1.94086,0.60381,,
218,1.60853,0.63853,,
219,1.96709,0.60659,,
220,1.57529,0.65241,,
221,1.6691,0.62937,,
222,1.57995,0.65098,,
223,1.66536,0.63736,,
224,1.88779,0.59835,,
225,1.69713,0.63899,,
226,1.75922,0.61991,,
227,1.48989,0.63951,,
228,1.42588,0.68262,,
229,1.59743,0.66483,,
230,1.80232,0.60694,,
231,1.89491,0.58079,,
232,1.65343,0.61435,,
233,1.82144,0.62156,,
234,1.61468,0.67096,,
235,1.8588,0.62295,,
236,1.82294,0.58204,,
237,1.66413,0.68826,,
238,1.39314,0.67577,,
239,1.44909,0.67706,,
240,1.53684,0.63441,,
241,1.78503,0.61455,,
242,1.79762,0.64622,,
243,1.60331,0.66603,,
244,1.7355,0.61488,,
245,1.61404,0.6403,,
246,1.45216,0.68354,,
247,1.78315,0.60305,,
248,1.78078,0.64544,,
249,1.61785,0.69808,,
250,1.74076,0.65297,,
251,1.71708,0.62667,,
252,1.69301,0.63636,,
253,1.95402,0.62606,,
254,1.88633,0.63364,,
255,1.50843,0.66589,,
256,1.75452,0.63808,,
257,1.629,0.65759,,
258,1.781,0.63557,,
259,1.77459,0.62894,,
260,1.53681,0.66422,,
261,1.68639,0.64579,,
262,1.72282,0.63559,,
263,1.59863,0.65688,,
264,1.67967,0.64824,,
265,1.89955,0.56228,,
266,1.81186,0.61043,,
267,1.58268,0.64747,,
268,2.01918,0.59216,,
269,1.84185,0.59368,,
270,1.89538,0.6102,,
271,1.76813,0.62113,,
272,1.92222,0.58794,,
273,1.79659,0.62004,,
274,1.89402,0.60859,,
275,1.63344,0.6531,,
276,1.99891,0.60819,,
277,1.57898,0.69623,,
278,1.78917,0.64108,,
279,1.82657,0.59594,,
280,1.54348,0.68705,,
281,2.02487,0.62174,,
282,1.65284,0.6427,,
283,2.03163,0.61191,,
284,1.76001,0.6711,,
285,1.60463,0.69065,,
286,1.82189,0.63636,,
287,1.59846,0.66602,,
288,1.64428,0.63834,,
289,1.77355,0.61091,,
290,1.50725,0.65652,,
291,1.91808,0.59775,,
292,1.56614,0.68447,,
293,1.35967,0.68761,,
294,1.68398,0.64009,,
295,1.8781,0.57905,,
296,1.73198,0.61589,,
297,1.67987,0.64659,,
298,1.6735,0.63251,,
299,1.75306,0.60491,,
300,1.87565,0.59885,,
301,1.96333,0.591,1.55133,0.53132
302,1.74728,0.63148,,
303,1.60944,0.63636,,
304,1.44949,0.68238,,
305,1.44208,0.662,,
306,1.66592,0.64286,,
307,1.53647,0.67294,,
308,1.7259,0.6396,,
309,1.68307,0.625,,
310,1.65066,0.65468,,
311,1.57983,0.65596,,
312,1.49684,0.64835,,
313,1.79565,0.59725,,
314,1.59785,0.63068,,
315,1.50091,0.69623,,
316,1.69614,0.62558,,
317,1.57826,0.68097,,
318,2.06532,0.56846,,
319,1.6804,0.63121,,
320,1.71574,0.64096,,
321,1.71866,0.64878,,
322,1.8519,0.61961,,
323,1.49204,0.65753,,
324,1.58782,0.66183,,
325,1.76049,0.61538,,
326,1.43561,0.70045,,
327,1.79047,0.63333,,
328,1.64685,0.65924,,
329,1.85636,0.61751,,
330,1.74618,0.65542,,
331,1.739,0.63471,,
332,1.83302,0.63671,,
333,1.53624,0.63981,,
334,1.45429,0.67829,,
335,1.78125,0.62582,,
336,1.64303,0.65564,,
337,1.48334,0.67523,,
338,1.95033,0.56262,,
339,1.59099,0.63308,,
340,1.77572,0.62235,,
341,1.66173,0.62061,,
342,1.77415,0.65263,,
343,1.83749,0.62811,,
344,1.74354,0.65,,
345,1.99094,0.612,,
346,1.90276,0.59916,,
347,1.65893,0.64151,,
348,1.64147,0.66729,,
349,1.62039,0.66082,,
350,1.46982,0.67089,,
351,2.00672,0.62195,,
352,1.88303,0.59694,,
353,1.79477,0.62447,,
354,1.97965,0.6148,,
355,1.79199,0.62017,,
356,1.63659,0.65929,,
357,1.64172,0.63048,,
358,1.5504,0.69278,,
359,1.67474,0.64066,,
360,1.78849,0.63288,,
361,2.01312,0.63039,,
362,1.43717,0.69792,,
363,1.67532,0.61848,,
364,1.81501,0.63636,,
365,1.68943,0.62795,,
366,1.77514,0.60662,,
367,2.02512,0.6087,,
368,1.93798,0.60118,,
369,1.61897,0.67262,,
370,1.67293,0.63694,,
371,1.47214,0.69727,,
372,1.66746,0.64384,,
373,1.29277,0.68736,,
374,1.2871,0.69517,,
375,1.59095,0.62105,,
376,1.40849,0.6866,,
377,1.657,0.66208,,
378,1.77239,0.64509,,
379,1.55989,0.64362,,
380,1.9191,0.59924,,
381,1.74431,0.62868,,
382,1.56393,0.64107,,
383,1.44623,0.66454,,
384,1.78025,0.60841,,
385,1.4807,0.65185,,
386,1.55379,0.67062,,
387,1.78262,0.62545,,
388,1.5913,0.63993,,
389,1.473,0.67117,,
390,1.32403,0.72274,,
391,1.55044,0.67115,,
392,1.62254,0.65051,,
393,1.59618,0.64592,,
394,1.42202,0.6495,,
395,1.49251,0.68,,
396,1.65885,0.57909,,
397,1.45029,0.6688,,
398,1.64269,0.64811,,
399,1.37509,0.69136,,
400,1.58243,0.64338,,
401,1.78852,0.62235,1.90865,0.45652
402,1.60837,0.63725,,
403,1.41572,0.69623,,
404,1.53259,0.69595,,
405,1.76994,0.58333,,
406,1.76553,0.63265,,
407,1.44252,0.68306,,
408,1.62008,0.63139,,
409,1.33972,0.73964,,
410,1.53673,0.66667,,
411,1.29862,0.7284,,
412,1.61173,0.65,,
413,1.59174,0.66337,,
414,1.49292,0.66282,,
415,1.49874,0.64557,,
416,1.53657,0.64165,,
417,1.50474,0.67857,,
418,1.59497,0.67904,,
419,1.534,0.658,,
420,1.40568,0.67481,,
421,1.5203,0.6593,,
422,1.3949,0.67418,,
423,1.53908,0.66242,,
424,1.51442,0.67509,,
425,1.43774,0.68403,,
426,1.3603,0.70353,,
427,1.84993,0.62333,,
428,1.55507,0.6811,,
429,1.33934,0.69151,,
430,1.26168,0.72211,,
431,1.23224,0.7029,,
432,1.38619,0.69767,,
433,1.72259,0.62239,,
434,1.55782,0.65945,,
435,1.30216,0.68677,,
436,1.59683,0.67814,,
437,1.31329,0.70942,,
438,1.40346,0.67019,,
439,1.48453,0.64533,,
440,1.43114,0.68261,,
441,1.41879,0.68991,,
442,1.24665,0.68542,,
443,1.75842,0.66263,,
444,1.2764,0.69959,,
445,1.56832,0.65826,,
446,1.71839,0.62847,,
447,1.38349,0.68464,,
448,1.38479,0.68972,,
449,1.58715,0.66277,,
450,1.46972,0.68261,,
451,1.40995,0.68136,,
452,1.62753,0.63961,,
453,1.54392,0.68836,,
454,1.28828,0.6996,,
455,1.63794,0.62008,,
456,1.74691,0.64953,,
457,1.51343,0.67523,,
458,1.63051,0.64421,,
459,1.57085,0.6472,,
460,1.49873,0.64545,,
461,1.84781,0.62338,,
462,1.66857,0.61653,,
463,1.58336,0.64312,,
464,1.69596,0.65234,,
465,1.51878,0.666,,
466,1.40868,0.67432,,
467,1.66861,0.62524,,
468,1.56723,0.6581,,
469,1.49148,0.66116,,
470,1.38576,0.68984,,
471,1.76925,0.62963,,
472,1.55092,0.6622,,
473,1.67519,0.67057,,
474,1.31851,0.70865,,
475,1.43289,0.69683,,
476,1.83741,0.63432,,
477,1.80499,0.62292,,
478,1.74829,0.63019,,
479,1.43651,0.68306,,
480,1.65146,0.6595,,
481,1.56047,0.6555,,
482,1.45907,0.66592,,
483,1.5247,0.66842,,
484,1.28273,0.71149,,
485,1.56713,0.65778,,
486,1.30039,0.71272,,
487,1.57621,0.67004,,
488,1.53719,0.68443,,
489,1.3681,0.71012,,
490,1.3629,0.70633,,
491,1.56512,0.65523,,
492,1.43602,0.69102,,
493,1.60229,0.65378,,
494,1.35677,0.70165,,
495,1.23933,0.71566,,
496,1.34161,0.70108,,
497,1.43552,0.65818,,
498,1.40125,0.66883,,
499,1.42863,0.67708,,
500,1.58613,0.68539,,
501,1.38154,0.67936,1.50861,0.50122
502,1.562,0.67031,,
503,1.60888,0.64024,,
504,1.39254,0.63366,,
505,1.66863,0.64694,,
506,1.27746,0.70354,,
507,1.59082,0.64022,,
508,1.24465,0.66453,,
509,1.56703,0.69668,,
510,1.58499,0.6507,,
511,1.48326,0.67381,,
512,1.82837,0.60638,,
513,1.443,0.65199,,
514,1.27614,0.69336,,
515,1.34574,0.69129,,
516,1.31471,0.68409,,
517,1.57987,0.65352,,
518,1.53693,0.63902,,
519,1.36891,0.69603,,
520,1.58084,0.66314,,
521,1.42745,0.7034,,
522,1.27569,0.73517,,
523,1.4747,0.68411,,
524,1.48375,0.63916,,
525,1.54305,0.65669,,
526,1.64822,0.69214,,
527,1.35069,0.72486,,
528,1.58262,0.66988,,
529,1.48097,0.6494,,
530,1.4564,0.6572,,
531,1.46497,0.69466,,
532,1.72336,0.6441,,
533,1.45641,0.6445,,
534,1.49618,0.66075,,
535,1.37428,0.67975,,
536,1.39078,0.66598,,
537,1.47655,0.70426,,
538,1.5951,0.69632,,
539,1.7029,0.62077,,
540,1.47062,0.71223,,
541,1.5228,0.68762,,
542,1.37833,0.70449,,
543,1.49394,0.67473,,
544,1.58628,0.6772,,
545,1.2044,0.72194,,
546,1.36952,0.69745,,
547,1.56837,0.69328,,
548,1.78169,0.60455,,
549,1.29529,0.67358,,
550,1.25729,0.69573,,
551,1.48783,0.66928,,
552,1.46482,0.69043,,
553,1.50961,0.66477,,
554,1.49742,0.67188,,
555,1.55514,0.67154,,
556,1.67875,0.65784,,
557,1.41845,0.68192,,
558,1.4015,0.68776,,
559,1.48323,0.69141,,
560,1.47132,0.64115,,
561,1.56678,0.65941,,
562,1.4911,0.66929,,
563,1.30287,0.68293,,
564,1.38256,0.69937,,
565,1.70139,0.64083,,
566,1.73291,0.62609,,
567,1.53197,0.65013,,
568,1.76301,0.62907,,
569,1.36998,0.72878,,
570,1.45246,0.68623,,
571,1.84493,0.61388,,
572,1.76746,0.62283,,
573,1.23314,0.74792,,
574,1.4701,0.67061,,
575,1.57433,0.66615,,
576,1.33094,0.70402,,
577,1.33118,0.70265,,
578,1.34304,0.71397,,
579,1.47176,0.68911,,
580,1.45998,0.67933,,
581,1.52292,0.67753,,
582,1.5909,0.68235,,
583,1.47417,0.67283,,
584,1.38762,0.69288,,
585,1.26763,0.70784,,
586,1.59317,0.67421,,
587,1.46756,0.67906,,
588,1.61544,0.63203,,
589,1.22129,0.69853,,
590,1.35929,0.69114,,
591,1.32549,0.70624,,
592,1.552,0.63124,,
593,1.20224,0.74318,,
594,1.24224,0.71014,,
595,1.12299,0.73295,,
596,1.09021,0.75569,,
597,1.1163,0.74292,,
598,1.3104,0.69712,,
599,1.37266,0.68009,,
600,1.51056,0.67198,,
601,1.16992,0.71158,1.41838,0.54397
602,1.34026,0.71369,,
603,1.3277,0.6979,,
604,1.2752,0.70307,,
605,1.48113,0.68985,,
606,1.50666,0.66504,,
607,1.50931,0.67704,,
608,1.09119,0.74229,,
609,1.18134,0.71319,,
610,1.16053,0.74401,,
611,1.5888,0.66316,,
612,1.44481,0.68191,,
613,1.37061,0.68856,,
614,0.94286,0.74569,,
615,1.44214,0.68172,,
616,1.58474,0.67683,,
617,1.51088,0.65075,,
618,1.34403,0.67086,,
619,1.21102,0.72144,,
620,1.32581,0.70878,,
621,1.42212,0.70504,,
622,1.26334,0.71094,,
623,1.48088,0.6763,,
624,1.44933,0.69355,,
625,1.38421,0.70505,,
626,1.42115,0.70528,,
627,1.4627,0.68284,,
628,1.35891,0.67967,,
629,1.50524,0.66724,,
630,1.14485,0.74409,,
631,1.41663,0.67325,,
632,1.34636,0.69262,,
633,1.57032,0.67216,,
634,1.45154,0.67462,,
635,1.57726,0.65859,,
636,1.47434,0.67708,,
637,1.39816,0.68616,,
638,1.41411,0.67181,,
639,1.31794,0.69275,,
640,1.25784,0.70281,,
641,1.19495,0.733,,
642,1.34729,0.71887,,
643,1.16709,0.74099,,
644,1.34125,0.69439,,
645,1.19152,0.72242,,
646,1.57093,0.68864,,
647,1.0894,0.72066,,
648,1.26689,0.72211,,
649,1.2647,0.73346,,
650,1.39745,0.68199,,
651,1.02634,0.75246,,
652,1.5198,0.66214,,
653,1.35052,0.67024,,
654,1.28342,0.70194,,
655,1.42811,0.68277,,
656,1.07705,0.73684,,
657,1.47472,0.66462,,
658,1.26659,0.73624,,
659,1.31293,0.72443,,
660,1.37533,0.68504,,
661,1.44822,0.66012,,
662,1.21019,0.73626,,
663,1.49075,0.67029,,
664,1.24329,0.74818,,
665,1.0754,0.76244,,
666,1.1773,0.7271,,
667,1.35029,0.71067,,
668,1.53287,0.67839,,
669,1.58,0.65859,,
670,0.96861,0.74658,,
671,1.2275,0.7256,,
672,1.35032,0.71739,,
673,1.29733,0.698,,
674,1.54661,0.64669,,
675,1.38793,0.67511,,
676,1.49987,0.65416,,
677,1.441,0.71132,,
678,1.10371,0.7416,,
679,0.90182,0.77801,,
680,1.13593,0.71116,,
681,1.47703,0.67626,,
682,1.17778,0.69764,,
683,1.30826,0.70316,,
684,1.2185,0.70439,,
685,1.35277,0.6879,,
686,1.14457,0.72443,,
687,1.11426,0.74067,,
688,1.40142,0.69502,,
689,1.16108,0.71073,,
690,1.46,0.72211,,
691,1.34598,0.69213,,
692,1.51727,0.66437,,
693,1.31306,0.71285,,
694,1.30804,0.73425,,
695,1.35328,0.68119,,
696,1.41086,0.70179,,
697,1.21841,0.74279,,
698,1.29033,0.71203,,
699,1.5054,0.68764,,
700,1.4801,0.66835,,
701,1.12559,0.74138,1.43788,0.57812
702,1.04546,0.75712,,
703,1.42047,0.69892,,
704,1.42137,0.65171,,
705,1.17588,0.74945,,
706,1.19544,0.72867,,
707,1.09518,0.76014,,
708,1.51284,0.65952,,
709,1.34424,0.70662,,
710,1.3899,0.68271,,
711,1.12692,0.73815,,
712,1.40787,0.70061,,
713,1.14156,0.72366,,
714,1.41093,0.68197,,
715,1.29044,0.75103,,
716,1.10289,0.75294,,
717,1.12347,0.73933,,
718,1.12645,0.74728,,
719,1.50259,0.64696,,
720,1.24069,0.73756,,
721,1.39226,0.70935,,
722,1.35171,0.70044,,
723,1.31464,0.69684,,
724,1.50154,0.66194,,
725,1.44954,0.66029,,
726,1.38478,0.69052,,
727,1.2138,0.70133,,
728,1.5701,0.68476,,
729,1.53153,0.6746,,
730,1.34147,0.68998,,
731,1.25261,0.72566,,
732,1.29077,0.7096,,
733,1.3501,0.70037,,
734,1.35286,0.71536,,
735,1.30414,0.70197,,
736,1.23925,0.70118,,
737,1.20472,0.72653,,
738,1.40009,0.6875,,
739,1.19146,0.73473,,
740,1.16232,0.73559,,
741,1.36462,0.6867,,
742,1.51911,0.64752,,
743,1.23373,0.72475,,
744,1.694,0.65364,,
745,1.28129,0.6927,,
746,1.23143,0.73843,,
747,1.16931,0.71462,,
748,1.32375,0.67677,,
749,1.2189,0.72336,,
750,1.12701,0.73141,,
751,1.32786,0.69423,,
752,1.25897,0.70625,,
753,1.32843,0.70092,,
754,1.36649,0.70101,,
755,1.27522,0.71044,,
756,1.25961,0.73913,,
757,1.17519,0.74655,,
758,1.40442,0.6862,,
759,1.21283,0.71747,,
760,1.70996,0.67246,,
761,1.21786,0.73929,,
762,1.47104,0.70259,,
763,1.34886,0.70842,,
764,1.45211,0.67652,,
765,1.39557,0.7093,,
766,1.28079,0.74232,,
767,1.59876,0.66747,,
768,1.21954,0.74135,,
769,1.15355,0.72744,,
770,1.30757,0.70141,,
771,1.305,0.69042,,
772,1.4961,0.6615,,
773,1.10516,0.73672,,
774,1.59231,0.63793,,
775,1.33181,0.70881,,
776,1.67708,0.63473,,
777,1.30996,0.71608,,
778,1.4479,0.70962,,
779,1.2277,0.72906,,
780,1.11957,0.72,,
781,1.43044,0.69155,,
782,1.14229,0.74737,,
783,0.98936,0.76748,,
784,1.60059,0.67019,,
785,1.09914,0.74896,,
786,1.04063,0.73896,,
787,1.27494,0.72167,,
788,0.90388,0.76609,,
789,1.13662,0.76419,,
790,1.22429,0.72912,,
791,1.16686,0.73937,,
792,1.40963,0.67489,,
793,1.46141,0.6979,,
794,1.38877,0.678,,
795,0.96976,0.74751,,
796,0.97541,0.79096,,
797,1.06406,0.75,,
798,1.24077,0.69763,,
799,1.4143,0.70334,,
800,1.12551,0.72811,,
801,1.115,0.75086,1.54256,0.54428
802,1.11015,0.7341,,
803,1.06469,0.74395,,
804,1.14708,0.712,,
805,1.49817,0.69005,,
806,1.274,0.69651,,
807,1.1381,0.74524,,
808,1.19825,0.71078,,
809,1.16794,0.74164,,
810,1.00681,0.76033,,
811,1.15367,0.76356,,
812,1.07307,0.74275,,
813,1.49946,0.67462,,
814,1.28997,0.71321,,
815,1.17375,0.72198,,
816,1.11441,0.77254,,
817,1.11502,0.74563,,
818,1.21552,0.73153,,
819,1.133,0.76342,,
820,1.46405,0.68994,,
821,0.99402,0.76182,,
822,1.1822,0.72797,,
823,1.07875,0.75544,,
824,1.03257,0.78008,,
825,1.01272,0.75424,,
826,1.17499,0.71513,,
827,1.18152,0.74424,,
828,0.97773,0.7827,,
829,1.41674,0.70518,,
830,0.99132,0.7724,,
831,1.06532,0.76054,,
832,0.97176,0.77046,,
833,1.2619,0.67185,,
834,1.26395,0.70588,,
835,1.06436,0.75223,,
836,1.25146,0.72523,,
837,1.27789,0.70737,,
838,1.26719,0.69309,,
839,1.20829,0.7343,,
840,1.28263,0.71179,,
841,1.32095,0.71336,,
842,1.05093,0.742,,
843,1.50508,0.66876,,
844,1.04708,0.74824,,
845,1.0518,0.76636,,
846,0.94132,0.772,,
847,1.16002,0.72959,,
848,1.43438,0.68263,,
849,1.22161,0.71767,,
850,1.16088,0.73982,,
851,1.105,0.7575,,
852,1.41727,0.69231,,
853,1.25634,0.72778,,
854,1.11893,0.73092,,
855,1.01493,0.77711,,
856,1.21656,0.73589,,
857,1.24676,0.70248,,
858,1.20551,0.73935,,
859,1.45711,0.71127,,
860,1.07623,0.73244,,
861,1.28438,0.72957,,
862,1.11642,0.73961,,
863,1.06558,0.75177,,
864,1.23773,0.73852,,
865,1.3624,0.70474,,
866,1.06738,0.75795,,
867,0.9865,0.76815,,
868,1.26297,0.73156,,
869,1.19223,0.74442,,
870,1.05496,0.75904,,
871,1.29987,0.67303,,
872,1.56945,0.66302,,
873,1.02532,0.74095,,
874,1.17932,0.73656,,
875,1.07243,0.75711,,
876,1.12434,0.70849,,
877,1.31053,0.71348,,
878,1.23142,0.71963,,
879,1.17149,0.72389,,
880,1.21565,0.73054,,
881,1.20131,0.71484,,
882,1.27428,0.70169,,
883,1.07026,0.76514,,
884,1.16341,0.73872,,
885,1.2291,0.69555,,
886,1.29415,0.6989,,
887,1.07706,0.7619,,
888,1.1071,0.73755,,
889,1.14149,0.74922,,
890,1.4176,0.69099,,
891,1.01204,0.74327,,
892,1.11198,0.73827,,
893,1.06013,0.77516,,
894,1.26472,0.72708,,
895,1.34432,0.66109,,
896,1.0988,0.75,,
897,1.19834,0.73121,,
898,1.1656,0.72907,,
899,1.19965,0.71071,,
900,1.21108,0.74221,,
901,1.23071,0.72963,1.56359,0.52431
902,1.26541,0.70324,,
903,1.34525,0.71901,,
904,0.97243,0.78832,,
905,1.15905,0.76042,,
906,1.16409,0.7,,
907,1.14951,0.73552,,
908,0.99669,0.75348,,
909,1.20258,0.72257,,
910,1.06118,0.77996,,
911,1.21252,0.72506,,
912,0.97208,0.7792,,
913,1.26871,0.7284,,
914,1.26613,0.73931,,
915,1.17403,0.71589,,
916,1.19645,0.74369,,
917,0.93191,0.78812,,
918,1.22777,0.74194,,
919,1.09424,0.74614,,
920,1.23207,0.71484,,
921,1.06436,0.78634,,
922,1.0793,0.73946,,
923,1.27623,0.72082,,
924,1.19309,0.73012,,
925,1.06067,0.73047,,
926,1.03018,0.76014,,
927,1.20098,0.7227,,
928,1.19662,0.72674,,
929,1.3353,0.73975,,
930,1.27439,0.69187,,
931,1.27379,0.73137,,
932,1.21236,0.74728,,
933,1.23871,0.70196,,
934,0.9047,0.80344,,
935,0.98416,0.76923,,
936,1.18751,0.72157,,
937,1.26828,0.7542,,
938,1.13284,0.75538,,
939,1.13717,0.72263,,
940,1.31374,0.72158,,
941,1.13865,0.73455,,
942,1.13438,0.74573,,
943,0.98132,0.77927,,
944,1.31792,0.70362,,
945,1.08391,0.74153,,
946,1.22029,0.73051,,
947,1.38418,0.71226,,
948,1.07949,0.78812,,
949,1.16193,0.73095,,
950,1.10051,0.72553,,
951,1.15128,0.73684,,
952,0.88766,0.78435,,
953,1.2017,0.71498,,
954,1.32077,0.71124,,
955,0.99772,0.7898,,
956,1.26046,0.70623,,
957,1.18608,0.75634,,
958,1.15266,0.72143,,
959,1.08964,0.75551,,
960,0.84478,0.77718,,
961,1.12049,0.7608,,
962,1.23377,0.73881,,
963,1.11998,0.73892,,
964,1.31474,0.7072,,
965,1.11965,0.74163,,
966,0.86858,0.80769,,
967,1.09362,0.74908,,
968,0.98111,0.77003,,
969,1.42824,0.69488,,
970,1.07753,0.75135,,
971,0.95359,0.75636,,
972,1.03171,0.78351,,
973,0.9756,0.75885,,
974,1.04411,0.77818,,
975,0.88954,0.7938,,
976,0.96662,0.75826,,
977,0.95601,0.76527,,
978,0.88187,0.77419,,
979,1.24584,0.72761,,
980,1.09641,0.73363,,
981,1.01009,0.77231,,
982,0.87424,0.79795,,
983,1.1206,0.73852,,
984,1.00338,0.75931,,
985,1.03574,0.75895,,
986,0.81487,0.81418,,
987,0.92315,0.79032,,
988,0.82476,0.78793,,
989,1.04052,0.7814,,
990,1.09284,0.75565,,
991,1.11871,0.76327,,
992,0.93132,0.77388,,
993,1.06151,0.74958,,
994,1.03538,0.76703,,
995,1.12791,0.73904,,
996,0.77356,0.81725,,
997,1.23358,0.72285,,
998,1.21887,0.74952,,
999,1.14721,0.73455,,
1000,0.89083,0.78132,,
1001,0.9752,0.76294,1.38078,0.58989
1002,1.22135,0.73964,,
1003,1.02104,0.75,,
1004,0.9661,0.77798,,
1005,1.12303,0.74095,,
1006,1.06645,0.74066,,
1007,0.87273,0.78409,,
1008,0.94142,0.77932,,
1009,0.83685,0.80403,,
1010,1.24569,0.71939,,
1011,1.18573,0.74583,,
1012,1.18258,0.73234,,
1013,0.87069,0.80372,,
1014,0.92663,0.78559,,
1015,1.15287,0.76613,,
1016,0.98876,0.76758,,
1017,0.8838,0.7935,,
1018,1.00705,0.77172,,
1019,0.95605,0.7899,,
1020,0.86573,0.79054,,
1021,0.86011,0.80556,,
1022,0.79905,0.80962,,
1023,1.11612,0.73992,,
1024,1.01815,0.75187,,
1025,1.05207,0.76271,,
1026,1.09621,0.72642,,
1027,1.04879,0.76566,,
1028,0.95012,0.76816,,
1029,1.10995,0.74454,,
1030,0.91398,0.78525,,
1031,0.76985,0.78667,,
1032,0.88569,0.77823,,
1033,1.09409,0.71336,,
1034,1.08765,0.74341,,
1035,1.04169,0.76303,,
1036,0.8015,0.80639,,
1037,0.9174,0.77528,,
1038,0.7998,0.83205,,
1039,0.95966,0.77682,,
1040,0.99551,0.77652,,
1041,1.07001,0.74155,,
1042,0.79498,0.80936,,
1043,1.14682,0.74153,,
1044,0.98,0.76701,,
1045,0.99731,0.79437,,
1046,1.02606,0.78218,,
1047,1.15231,0.74127,,
1048,1.05205,0.75463,,
1049,0.7902,0.82922,,
1050,0.96657,0.77505,,
1051,1.03801,0.75775,,
1052,0.98526,0.76972,,
1053,1.16916,0.75,,
1054,1.13427,0.76637,,
1055,0.98476,0.76639,,
1056,0.74986,0.82609,,
1057,0.8698,0.76559,,
1058,1.19013,0.74332,,
1059,1.14205,0.74642,,
1060,1.10338,0.74177,,
1061,0.9982,0.7768,,
1062,1.0135,0.75177,,
1063,0.97106,0.77139,,
1064,1.03036,0.76087,,
1065,1.40764,0.7135,,
1066,1.13112,0.76493,,
1067,1.10364,0.71848,,
1068,1.15611,0.74563,,
1069,1.05908,0.75472,,
1070,0.94721,0.76908,,
1071,1.06703,0.75385,,
1072,1.05126,0.75059,,
1073,1.14559,0.73913,,
1074,1.08425,0.71695,,
1075,0.9626,0.79356,,
1076,0.98378,0.78337,,
1077,1.23297,0.71141,,
1078,0.96066,0.76471,,
1079,0.80883,0.81057,,
1080,1.01611,0.74765,,
1081,1.1836,0.726,,
1082,1.10925,0.75328,,
1083,1.21622,0.72505,,
1084,0.89376,0.79813,,
1085,1.03701,0.75658,,
1086,1.13349,0.7566,,
1087,0.7952,0.80588,,
1088,1.04847,0.77855,,
1089,1.07887,0.7666,,
1090,1.03455,0.75983,,
1091,1.01284,0.7495,,
1092,1.24761,0.71071,,
1093,1.11727,0.73508,,
1094,1.03328,0.75943,,
1095,1.04958,0.75714,,
1096,1.14627,0.75052,,
1097,0.79055,0.81529,,
1098,1.16131,0.73013,,
1099,0.95182,0.77578,,
1100,0.94529,0.78664,,
1101,1.14078,0.71362,1.8721,0.50123
1102,1.01271,0.75632,,
1103,1.12793,0.7494,,
1104,1.15779,0.75588,,
1105,0.94155,0.80687,,
1106,1.11755,0.75,,
1107,0.93545,0.78357,,
1108,1.07572,0.76172,,
1109,1.04957,0.74855,,
1110,0.94758,0.79058,,
1111,0.98228,0.75654,,
1112,0.90112,0.79845,,
1113,0.97939,0.77821,,
1114,1.11255,0.74777,,
1115,1.09074,0.75737,,
1116,0.99197,0.75335,,
1117,1.25022,0.72692,,
1118,1.08344,0.76793,,
1119,1.10838,0.74704,,
1120,1.35825,0.72985,,
1121,0.98603,0.77333,,
1122,1.0746,0.7625,,
1123,0.99491,0.7814,,
1124,1.16628,0.74081,,
1125,1.15085,0.75356,,
1126,1.02697,0.7546,,
1127,1.01971,0.76868,,
1128,0.8634,0.79464,,
1129,0.88245,0.77755,,
1130,1.03156,0.77174,,
1131,1.24148,0.73185,,
1132,1.00993,0.77652,,
1133,1.05061,0.76483,,
1134,1.28165,0.7431,,
1135,1.21708,0.71335,,
1136,0.87656,0.81298,,
1137,0.94955,0.78831,,
1138,1.04653,0.75639,,
1139,1.3724,0.73094,,
1140,1.12421,0.74138,,
1141,1.13475,0.74539,,
1142,0.88832,0.79493,,
1143,1.07115,0.75723,,
1144,1.0796,0.75446,,
1145,1.25422,0.71826,,
1146,1.11854,0.7619,,
1147,1.4942,0.70428,,
1148,0.80638,0.79476,,
1149,0.89118,0.81373,,
1150,0.93163,0.77855,,
1151,1.25148,0.73942,,
1152,0.90058,0.78959,,
1153,0.88056,0.8,,
1154,1.02247,0.77413,,
1155,0.81552,0.79425,,
1156,1.04391,0.76321,,
1157,0.9899,0.76571,,
1158,1.11201,0.75375,,
1159,1.13003,0.71529,,
1160,1.28184,0.70748,,
1161,0.92333,0.79802,,
1162,1.16928,0.76221,,
1163,1.14298,0.76017,,
1164,0.97199,0.77835,,
1165,0.95071,0.77717,,
1166,1.0663,0.76682,,
1167,0.98705,0.79406,,
1168,0.97888,0.78373,,
1169,0.94572,0.76872,,
1170,0.70211,0.81739,,
1171,0.74431,0.84697,,
1172,0.75592,0.83023,,
1173,1.0228,0.76596,,
1174,0.84219,0.79566,,
1175,0.96645,0.77754,,
1176,1.06516,0.77331,,
1177,0.95974,0.78295,,
1178,0.64627,0.84449,,
1179,1.19185,0.74439,,
1180,1.20011,0.75571,,
1181,0.97355,0.77273,,
1182,0.9037,0.79903,,
1183,0.75962,0.81911,,
1184,0.93784,0.77586,,
1185,0.81438,0.82121,,
1186,0.65416,0.84061,,
1187,0.96099,0.77273,,
1188,1.14509,0.76562,,
1189,0.84143,0.80784,,
1190,0.87491,0.80488,,
1191,1.19902,0.74636,,
1192,0.83156,0.81867,,
1193,0.92622,0.78543,,
1194,0.88589,0.79218,,
1195,0.89262,0.80122,,
1196,0.87239,0.77543,,
1197,0.69544,0.82969,,
1198,0.73412,0.8014,,
1199,1.11924,0.7631,,
1200,1.12924,0.74769,,
1201,1.00365,0.77528,1.20514,0.59336
1202,0.75099,0.82857,,
1203,0.71796,0.8265,,
1204,0.84981,0.78826,,
1205,0.96357,0.78704,,
1206,0.87703,0.77629,,
1207,1.0342,0.77824,,
1208,1.02641,0.77542,,
1209,0.8577,0.8006,,
1210,0.8815,0.80177,,
1211,0.84074,0.77176,,
1212,1.04188,0.72775,,
1213,1.03157,0.77594,,
1214,0.82383,0.8155,,
1215,1.11907,0.74346,,
1216,1.02324,0.77547,,
1217,1.05096,0.76596,,
1218,0.67807,0.83962,,
1219,0.96107,0.78054,,
1220,0.91603,0.7954,,
1221,0.90572,0.79896,,
1222,0.99508,0.78657,,
1223,1.03556,0.73581,,
1224,0.82486,0.80778,,
1225,0.81087,0.82714,,
1226,0.65535,0.83969,,
1227,0.96557,0.78706,,
1228,1.20507,0.74067,,
1229,0.7205,0.83889,,
1230,0.92498,0.78333,,
1231,0.87413,0.79466,,
1232,0.92249,0.7983,,
1233,0.81475,0.80645,,
1234,0.69236,0.83879,,
1235,1.11476,0.75424,,
1236,1.16886,0.75046,,
1237,0.81534,0.80381,,
1238,0.86381,0.81818,,
1239,0.95308,0.77491,,
1240,0.96616,0.76092,,
1241,1.00833,0.78327,,
1242,1.35601,0.71942,,
1243,0.97531,0.79167,,
1244,0.87656,0.81092,,
1245,0.8426,0.79452,,
1246,0.74665,0.83019,,
1247,0.97937,0.7767,,
1248,0.77178,0.80269,,
1249,1.02536,0.7677,,
1250,0.96361,0.79283,,
1251,0.97036,0.78439,,
1252,0.69347,0.84604,,
1253,1.24538,0.75619,,
1254,0.85826,0.81504,,
1255,0.84282,0.79718,,
1256,1.07115,0.74947,,
1257,0.92197,0.77755,,
1258,0.92672,0.78805,,
1259,0.90944,0.77931,,
1260,0.80037,0.81276,,
1261,1.21468,0.7526,,
1262,1.15919,0.74621,,
1263,0.81257,0.79964,,
1264,0.89318,0.78608,,
1265,0.92336,0.80851,,
1266,0.93239,0.77913,,
1267,1.03573,0.77551,,
1268,0.78362,0.82824,,
1269,1.05165,0.76717,,
1270,0.95466,0.79134,,
1271,0.9783,0.77696,,
1272,1.05694,0.75388,,
1273,0.86838,0.79149,,
1274,0.81821,0.80813,,
1275,0.88698,0.81186,,
1276,0.93451,0.79065,,
1277,0.98202,0.80126,,
1278,0.99114,0.76639,,
1279,0.95888,0.7891,,
1280,0.97046,0.79029,,
1281,0.80135,0.8234,,
1282,0.98327,0.78584,,
1283,1.14828,0.75271,,
1284,1.14664,0.74486,,
1285,0.86971,0.79592,,
1286,0.9501,0.78623,,
1287,1.06345,0.78873,,
1288,1.00541,0.76483,,
1289,0.9281,0.80078,,
1290,1.16663,0.73658,,
1291,1.11684,0.74627,,
1292,0.6831,0.81705,,
1293,0.89379,0.772,,
1294,0.84755,0.79075,,
1295,0.78502,0.80739,,
1296,1.04851,0.76417,,
1297,0.97167,0.7723,,
1298,0.90333,0.80806,,
1299,0.85539,0.7973,,
1300,0.92151,0.79455,,
1301,0.88487,0.79167,1.59763,0.53539
1302,0.9768,0.76553,,
1303,0.95681,0.79805,,
1304,0.89014,0.79856,,
1305,0.82426,0.81224,,
1306,1.13308,0.7428,,
1307,0.88125,0.77448,,
1308,0.82269,0.80876,,
1309,0.84621,0.81456,,
1310,0.86905,0.78337,,
1311,0.97478,0.77273,,
1312,1.05644,0.76268,,
1313,0.84929,0.78624,,
1314,0.75862,0.804,,
1315,0.89537,0.81222,,
1316,0.92463,0.78166,,
1317,0.85052,0.78472,,
1318,0.90486,0.79694,,
1319,0.88469,0.79348,,
1320,0.97412,0.78634,,
1321,0.96211,0.78058,,
1322,0.91345,0.80444,,
1323,0.93348,0.76758,,
1324,0.96461,0.77596,,
1325,1.1026,0.75229,,
1326,0.75567,0.83836,,
1327,0.88279,0.80186,,
1328,0.85001,0.79167,,
1329,0.94756,0.76301,,
1330,1.06571,0.77087,,
1331,0.90596,0.78503,,
1332,0.80979,0.82453,,
1333,1.08636,0.75262,,
1334,1.01313,0.7849,,
1335,0.7939,0.80556,,
1336,0.78901,0.82099,,
1337,0.73828,0.82143,,
1338,0.83054,0.82554,,
1339,0.88311,0.76763,,
1340,0.9771,0.79503,,
1341,0.77227,0.81636,,
1342,0.85117,0.78395,,
1343,0.68026,0.83473,,
1344,1.20007,0.74153,,
1345,0.93945,0.78302,,
1346,1.06627,0.77756,,
1347,0.88485,0.79398,,
1348,0.89077,0.81629,,
1349,0.90004,0.78107,,
1350,0.80872,0.79298,,
1351,0.83677,0.81834,,
1352,0.77843,0.81942,,
1353,1.08599,0.7495,,
1354,0.76909,0.81682,,
1355,0.94275,0.78753,,
1356,0.97686,0.77485,,
1357,0.65875,0.85425,,
1358,0.93987,0.81062,,
1359,0.8921,0.80042,,
1360,1.17034,0.75314,,
1361,0.61466,0.8656,,
1362,0.71835,0.8431,,
1363,1.08189,0.74708,,
1364,0.82245,0.80721,,
1365,0.87281,0.82115,,
1366,0.76297,0.80589,,
1367,1.00258,0.79669,,
1368,0.66421,0.82705,,
1369,0.69549,0.83551,,
1370,1.09543,0.74369,,
1371,1.08782,0.78926,,
1372,0.84477,0.81892,,
1373,0.88712,0.82024,,
1374,0.79448,0.83885,,
1375,0.74399,0.83542,,
1376,0.93206,0.76835,,
1377,0.95154,0.80405,,
1378,0.77213,0.81898,,
1379,0.83122,0.80324,,
1380,0.96511,0.79195,,
1381,0.9807,0.79296,,
1382,1.07635,0.77751,,
1383,0.89811,0.80303,,
1384,0.84153,0.82333,,
1385,0.85095,0.82022,,
1386,0.79282,0.81489,,
1387,0.94264,0.77547,,
1388,1.00471,0.8125,,
1389,1.0019,0.77639,,
1390,1.00231,0.78501,,
1391,1.07161,0.75112,,
1392,0.73979,0.81629,,
1393,0.91508,0.80769,,
1394,0.77348,0.82178,,
1395,0.8244,0.82294,,
1396,0.77377,0.82435,,
1397,0.83886,0.82546,,
1398,0.85688,0.79255,,
1399,0.81583,0.80778,,
1400,0.52473,0.88382,,
1401,0.92984,0.78511,1.61693,0.56371
1402,0.82094,0.82278,,
1403,0.8103,0.81772,,
1404,0.67853,0.83946,,
1405,0.82389,0.80282,,
1406,0.78927,0.84064,,
1407,0.72836,0.82922,,
1408,1.00043,0.77596,,
1409,0.67007,0.84924,,
1410,0.84516,0.80367,,
1411,0.70004,0.85422,,
1412,0.93896,0.79232,,
1413,0.99307,0.75599,,
1414,0.90067,0.80071,,
1415,0.75546,0.82704,,
1416,0.8552,0.79745,,
1417,0.99441,0.79536,,
1418,0.8894,0.78603,,
1419,0.76588,0.83824,,
1420,0.92009,0.78794,,
1421,0.92472,0.78455,,
1422,0.83438,0.8057,,
1423,0.88954,0.79144,,
1424,0.92903,0.78867,,
1425,0.78389,0.81573,,
1426,0.75003,0.81986,,
1427,0.88204,0.79185,,
1428,0.84524,0.80893,,
1429,0.82688,0.80684,,
1430,1.06445,0.77958,,
1431,0.60661,0.85463,,
1432,0.8707,0.79741,,
1433,0.98848,0.7793,,
1434,0.99666,0.7747,,
1435,1.0399,0.77698,,
1436,0.81532,0.80591,,
1437,0.99165,0.78484,,
1438,0.76809,0.82862,,
1439,0.75645,0.84,,
1440,0.67093,0.83607,,
1441,1.08688,0.76705,,
1442,0.89037,0.7989,,
1443,0.79409,0.81915,,
1444,0.68057,0.81714,,
1445,0.83651,0.80034,,
1446,0.76022,0.8178,,
1447,0.81196,0.82385,,
1448,0.78918,0.83039,,
1449,0.67567,0.8381,,
1450,0.90387,0.80431,,
1451,1.08564,0.79412,,
1452,0.82346,0.7774,,
1453,0.59687,0.86069,,
1454,0.94482,0.78,,
1455,0.67203,0.84615,,
1456,0.70438,0.84346,,
1457,0.75017,0.83681,,
1458,0.78805,0.81874,,
1459,0.98775,0.76653,,
1460,0.7597,0.83462,,
1461,0.70676,0.83224,,
1462,0.92302,0.80926,,
1463,0.87355,0.78571,,
1464,0.82994,0.80372,,
1465,0.64541,0.86092,,
1466,0.87629,0.81264,,
1467,0.98126,0.79062,,
1468,0.85892,0.80269,,
1469,0.82038,0.80123,,
1470,0.82685,0.80897,,
1471,0.82144,0.79458,,
1472,0.87098,0.8119,,
1473,0.84083,0.83218,,
1474,0.76487,0.81198,,
1475,0.64115,0.84008,,
1476,0.77164,0.82162,,
1477,0.88811,0.79778,,
1478,0.80886,0.79412,,
1479,0.9684,0.77909,,
1480,0.89503,0.78588,,
1481,0.93216,0.7828,,
1482,0.79058,0.79783,,
1483,0.85318,0.78839,,
1484,0.86995,0.79239,,
1485,0.80173,0.82163,,
1486,0.78091,0.82549,,
1487,0.95077,0.79406,,
1488,0.79386,0.82957,,
1489,0.82964,0.81416,,
1490,0.81817,0.83213,,
1491,0.80019,0.79793,,
1492,0.92157,0.79449,,
1493,0.95592,0.7823,,
1494,0.80711,0.81176,,
1495,1.21383,0.73921,,
1496,0.97447,0.80568,,
1497,1.10228,0.77322,,
1498,0.75375,0.81584,,
1499,0.80871,0.78629,,
1500,0.97295,0.81,,
1501,0.75296,0.826,1.68718,0.5509
1502,0.67943,0.82524,,
1503,0.898,0.79848,,
1504,0.64134,0.85714,,
1505,0.75147,0.83877,,
1506,0.75807,0.8044,,
1507,0.93588,0.79749,,
1508,0.70586,0.81716,,
1509,0.87791,0.78947,,
1510,0.94188,0.7759,,
1511,1.02637,0.78049,,
1512,0.68048,0.85381,,
1513,0.70362,0.83333,,
1514,0.86676,0.8046,,
1515,0.73302,0.83156,,
1516,0.89689,0.7899,,
1517,0.90923,0.7921,,
1518,0.62605,0.82803,,
1519,0.90257,0.78043,,
1520,0.82188,0.81439,,
1521,1.03877,0.76019,,
1522,0.95859,0.80608,,
1523,0.81755,0.81481,,
1524,0.7514,0.82374,,
1525,0.79175,0.83084,,
1526,0.88155,0.78685,,
1527,1.16242,0.77555,,
1528,0.79539,0.82519,,
1529,0.86247,0.79769,,
1530,0.95208,0.77176,,
1531,0.90582,0.80742,,
1532,0.71547,0.81535,,
1533,0.83406,0.81226,,
1534,0.84589,0.80497,,
1535,0.84419,0.80156,,
1536,0.95111,0.77326,,
1537,0.87712,0.79779,,
1538,0.67174,0.84018,,
1539,0.89871,0.79598,,
1540,1.06485,0.76181,,
1541,1.06874,0.78005,,
1542,0.89114,0.81667,,
1543,0.74437,0.81304,,
1544,0.83732,0.80631,,
1545,0.6849,0.85239,,
1546,0.79217,0.83741,,
1547,0.93138,0.76522,,
1548,0.75086,0.81296,,
1549,1.0427,0.78676,,
1550,0.85192,0.82651,,
1551,0.74269,0.80483,,
1552,0.7972,0.81314,,
1553,0.76874,0.82033,,
1554,0.79951,0.79231,,
